iso_code,continent,location,date,population,total_cases,new_cases,total_deaths,new_deaths,people_vaccinated,people_fully_vaccinated,total_boosters,total_vaccinations,new_vaccinations,is_country,new_cases_7day_avg,new_deaths_7day_avg,new_vaccinations_7day_avg,cases_14day_total,deaths_14day_total,case_growth_rate,death_growth_rate,vaccination_growth_rate,cases_per_million,deaths_per_million,vaccinations_per_hundred,vaccinated_share,fully_vaccinated_share,booster_share,death_rate,estimated_active_cases,estimated_recoveries,recovery_rate_proxy
AFG,Asia,Afghanistan,2024-08-04,41128772.0,235214.0,0.0,7998.0,0.0,0.0,0.0,0.0,0.0,0.0,True,0.0,0.0,0.0,0.0,0.0,0.0,0.0,0.0,5718.964816163245,194.4624069981958,0.0,0.0,0.0,0.0,3.400307804807537,0.0,227216.0,96.59969219519246
OWID_AFR,Unknown,Africa,2024-08-04,1426736614.0,13145380.0,36.0,259117.0,0.0,0.0,0.0,0.0,0.0,0.0,False,36.0,0.0,0.0,36.0,0.0,0.0,0.0,0.0,9213.599672854543,181.61516110078605,0.0,0.0,0.0,0.0,1.9711640135165358,36.0,12886227.0,98.02856212600929
ALB,Europe,Albania,2024-08-04,2842318.0,335047.0,0.0,3605.0,0.0,0.0,0.0,0.0,0.0,0.0,True,0.0,0.0,0.0,0.0,0.0,0.0,0.0,0.0,117878.08401452616,1268.330989002638,0.0,0.0,0.0,0.0,1.0759684462179933,0.0,331442.0,98.92403155378202
DZA,Africa,Algeria,2024-08-04,44903228.0,272139.0,18.0,6881.0,0.0,0.0,0.0,0.0,0.0,0.0,True,18.0,0.0,0.0,18.0,0.0,0.0,0.0,0.0,6060.56651428267,153.24065343364623,0.0,0.0,0.0,0.0,2.52848728039715,18.0,265240.0,97.46489845262899
ASM,Oceania,American Samoa,2024-08-04,44295.0,8359.0,0.0,34.0,0.0,0.0,0.0,0.0,0.0,0.0,True,0.0,0.0,0.0,0.0,0.0,0.0,0.0,0.0,188712.04424878655,767.5809910825149,0.0,0.0,0.0,0.0,0.40674721856681423,0.0,8325.0,99.59325278143318
AND,Europe,Andorra,2024-08-04,79843.0,48015.0,0.0,159.0,0.0,0.0,0.0,0.0,0.0,0.0,True,0.0,0.0,0.0,0.0,0.0,0.0,0.0,0.0,601367.6840800069,1991.4081384717506,0.0,0.0,0.0,0.0,0.331146516713527,0.0,47856.0,99.66885348328647
AGO,Africa,Angola,2024-08-04,35588996.0,107481.0,0.0,1937.0,0.0,0.0,0.0,0.0,0.0,0.0,True,0.0,0.0,0.0,0.0,0.0,0.0,0.0,0.0,3020.06271826269,54.42693578655605,0.0,0.0,0.0,0.0,1.8021789897749372,0.0,105544.0,98.19782101022506
AIA,North America,Anguilla,2024-08-04,15877.0,3904.0,0.0,12.0,0.0,0.0,0.0,0.0,0.0,0.0,True,0.0,0.0,0.0,0.0,0.0,0.0,0.0,0.0,245890.28153933364,755.8102916168042,0.0,0.0,0.0,0.0,0.3073770491803279,0.0,3892.0,99.69262295081968
ATG,North America,Antigua and Barbuda,2024-08-04,93772.0,9106.0,0.0,146.0,0.0,0.0,0.0,0.0,0.0,0.0,True,0.0,0.0,0.0,0.0,0.0,0.0,0.0,0.0,97107.87868446871,1556.967964850915,0.0,0.0,0.0,0.0,1.6033384581594552,0.0,8960.0,98.39666154184054
ARG,South America,Argentina,2024-08-04,45510324.0,10101218.0,54.0,130663.0,1.0,0.0,0.0,0.0,0.0,0.0,True,54.0,1.0,0.0,54.0,1.0,0.0,0.0,0.0,221954.4295048306,2871.0628384012384,0.0,0.0,0.0,0.0,1.2935370764198932,54.0,9970501.0,98.70592833458302
ARM,Asia,Armenia,2024-08-04,2780472.0,452273.0,0.0,8777.0,0.0,0.0,0.0,0.0,0.0,0.0,True,0.0,0.0,0.0,0.0,0.0,0.0,0.0,0.0,162660.51231589456,3156.6582939874957,0.0,0.0,0.0,0.0,1.9406420458439926,0.0,443496.0,98.05935795415601
ABW,North America,Aruba,2024-08-04,106459.0,44224.0,0.0,292.0,0.0,0.0,0.0,0.0,0.0,0.0,True,0.0,0.0,0.0,0.0,0.0,0.0,0.0,0.0,415408.74890803033,2742.8399665598963,0.0,0.0,0.0,0.0,0.66027496382055,0.0,43932.0,99.33972503617944
OWID_ASI,Unknown,Asia,2024-08-14,4721383370.0,301499099.0,4515.0,1637249.0,17.0,3689438947.0,3462095463.0,1815176944.0,9104304615.0,258.0,False,4515.0,17.0,258.0,4515.0,17.0,0.0,0.0,0.0,63858.211751188515,346.7731534793795,192.83129332071164,78.14317664697498,73.32798867803018,38.44587066438538,0.5430361170001374,4515.0,299857335.0,99.45546636608688
AUS,Oceania,Australia,2024-08-04,26177410.0,11861161.0,0.0,25236.0,0.0,0.0,0.0,0.0,0.0,0.0,True,0.0,0.0,0.0,0.0,0.0,0.0,0.0,0.0,453106.7435624838,964.0373130878876,0.0,0.0,0.0,0.0,0.2127616343796362,0.0,11835925.0,99.78723836562037
AUT,Europe,Austria,2024-08-04,8939617.0,6082444.0,15.0,22534.0,0.0,0.0,0.0,0.0,0.0,0.0,True,15.0,0.0,0.0,15.0,0.0,0.0,0.0,0.0,680392.0123199909,2520.6896447577114,0.0,0.0,0.0,0.0,0.3704760783658674,15.0,6059895.0,99.6292773102391
AZE,Asia,Azerbaijan,2024-08-04,10358078.0,835757.0,63.0,10353.0,0.0,0.0,0.0,0.0,0.0,0.0,True,63.0,0.0,0.0,63.0,0.0,0.0,0.0,0.0,80686.49415461053,999.5097546089148,0.0,0.0,0.0,0.0,1.2387571985636974,63.0,825341.0,98.7537047251773
BHS,North America,Bahamas,2024-08-04,409989.0,39127.0,0.0,849.0,0.0,0.0,0.0,0.0,0.0,0.0,True,0.0,0.0,0.0,0.0,0.0,0.0,0.0,0.0,95434.26774864692,2070.787265024184,0.0,0.0,0.0,0.0,2.1698571319038003,0.0,38278.0,97.8301428680962
BHR,Asia,Bahrain,2024-08-04,1472237.0,696614.0,0.0,1536.0,0.0,0.0,0.0,0.0,0.0,0.0,True,0.0,0.0,0.0,0.0,0.0,0.0,0.0,0.0,473167.02405930567,1043.3102822439594,0.0,0.0,0.0,0.0,0.22049513790994724,0.0,695078.0,99.77950486209005
BGD,Asia,Bangladesh,2024-08-04,171186368.0,2051348.0,40.0,29499.0,0.0,0.0,0.0,0.0,0.0,0.0,True,40.0,0.0,0.0,40.0,0.0,0.0,0.0,0.0,11983.127067688007,172.32096424874206,0.0,0.0,0.0,0.0,1.4380300173349427,40.0,2021809.0,98.56002004535554
BRB,North America,Barbados,2024-08-04,281646.0,108582.0,57.0,593.0,0.0,0.0,0.0,0.0,0.0,0.0,True,57.0,0.0,0.0,57.0,0.0,0.0,0.0,0.0,385526.5120044311,2105.479928704828,0.0,0.0,0.0,0.0,0.546131034609788,57.0,107932.0,99.40137407673464
BLR,Europe,Belarus,2024-08-04,9534956.0,994037.0,0.0,7118.0,0.0,0.0,0.0,0.0,0.0,0.0,True,0.0,0.0,0.0,0.0,0.0,0.0,0.0,0.0,104251.87069557532,746.5162922618625,0.0,0.0,0.0,0.0,0.7160699249625517,0.0,986919.0,99.28393007503745
BEL,Europe,Belgium,2024-08-04,11655923.0,4872829.0,1277.0,34339.0,0.0,0.0,0.0,0.0,0.0,0.0,True,1277.0,0.0,0.0,1277.0,0.0,0.0,0.0,0.0,418056.0389769218,2946.0558378774467,0.0,0.0,0.0,0.0,0.7047035715802874,1277.0,4837213.0,99.26908988597793
BLZ,North America,Belize,2024-08-04,405285.0,71414.0,0.0,688.0,0.0,0.0,0.0,0.0,0.0,0.0,True,0.0,0.0,0.0,0.0,0.0,0.0,0.0,0.0,176206.86677276483,1697.5708452076933,0.0,0.0,0.0,0.0,0.96339653289271,0.0,70726.0,99.03660346710728
BEN,Africa,Benin,2024-08-04,13352864.0,28036.0,0.0,163.0,0.0,0.0,0.0,0.0,0.0,0.0,True,0.0,0.0,0.0,0.0,0.0,0.0,0.0,0.0,2099.6244700762322,12.207119012071118,0.0,0.0,0.0,0.0,0.5813953488372093,0.0,27873.0,99.4186046511628
BMU,North America,Bermuda,2024-08-04,64207.0,18860.0,0.0,165.0,0.0,0.0,0.0,0.0,0.0,0.0,True,0.0,0.0,0.0,0.0,0.0,0.0,0.0,0.0,293737.4429579329,2569.813260236423,0.0,0.0,0.0,0.0,0.8748674443266171,0.0,18695.0,99.12513255567337
BTN,Asia,Bhutan,2024-08-04,782457.0,62697.0,0.0,21.0,0.0,0.0,0.0,0.0,0.0,0.0,True,0.0,0.0,0.0,0.0,0.0,0.0,0.0,0.0,80128.36488139284,26.83853553613809,0.0,0.0,0.0,0.0,0.03349442557060146,0.0,62676.0,99.9665055744294
BOL,South America,Bolivia,2024-08-04,12224114.0,1212147.0,2.0,22387.0,0.0,0.0,0.0,0.0,0.0,0.0,True,2.0,0.0,0.0,2.0,0.0,0.0,0.0,0.0,99160.31542245108,1831.3801720108304,0.0,0.0,0.0,0.0,1.8468882074533863,2.0,1189758.0,98.15294679605692
BES,North America,Bonaire Sint Eustatius and Saba,2024-08-04,27052.0,11922.0,0.0,41.0,0.0,0.0,0.0,0.0,0.0,0.0,True,0.0,0.0,0.0,0.0,0.0,0.0,0.0,0.0,440706.7869288777,1515.599585982552,0.0,0.0,0.0,0.0,0.3439020298607616,0.0,11881.0,99.65609797013923
BIH,Europe,Bosnia and Herzegovina,2024-08-04,3233530.0,403666.0,0.0,16392.0,0.0,0.0,0.0,0.0,0.0,0.0,True,0.0,0.0,0.0,0.0,0.0,0.0,0.0,0.0,124837.56142667611,5069.3823777728985,0.0,0.0,0.0,0.0,4.060782924496984,0.0,387274.0,95.93921707550301
BWA,Africa,Botswana,2024-08-04,2630300.0,330696.0,0.0,2801.0,0.0,0.0,0.0,0.0,0.0,0.0,True,0.0,0.0,0.0,0.0,0.0,0.0,0.0,0.0,125725.58263315972,1064.8975402045396,0.0,0.0,0.0,0.0,0.847001475675545,0.0,327895.0,99.15299852432446
BRA,South America,Brazil,2024-08-04,215313504.0,37511921.0,0.0,702116.0,0.0,0.0,0.0,0.0,0.0,0.0,True,0.0,0.0,0.0,0.0,0.0,0.0,0.0,0.0,174220.01083592046,3260.9009047570003,0.0,0.0,0.0,0.0,1.8717143278266128,0.0,36809805.0,98.12828567217339
VGB,North America,British Virgin Islands,2024-08-04,31332.0,7557.0,0.0,64.0,0.0,0.0,0.0,0.0,0.0,0.0,True,0.0,0.0,0.0,0.0,0.0,0.0,0.0,0.0,241191.1145155113,2042.640112345206,0.0,0.0,0.0,0.0,0.8468969167659124,0.0,7493.0,99.15310308323409
BRN,Asia,Brunei,2024-08-04,449002.0,347723.0,288.0,179.0,1.0,0.0,0.0,0.0,0.0,0.0,True,288.0,1.0,0.0,288.0,1.0,0.0,0.0,0.0,774435.3031835047,398.66192132774466,0.0,0.0,0.0,0.0,0.051477756720147934,288.0,347256.0,99.8656976961547
BGR,Europe,Bulgaria,2024-08-04,6781955.0,1329988.0,257.0,38700.0,0.0,0.0,0.0,0.0,0.0,0.0,True,257.0,0.0,0.0,257.0,0.0,0.0,0.0,0.0,196106.87478757967,5706.319195571188,0.0,0.0,0.0,0.0,2.909800689931037,257.0,1291031.0,97.07087582745108
BFA,Africa,Burkina Faso,2024-08-04,22673764.0,22139.0,0.0,400.0,0.0,0.0,0.0,0.0,0.0,0.0,True,0.0,0.0,0.0,0.0,0.0,0.0,0.0,0.0,976.4148555131825,17.64153494761611,0.0,0.0,0.0,0.0,1.8067663399430869,0.0,21739.0,98.1932336600569
BDI,Africa,Burundi,2024-08-04,12889583.0,54569.0,0.0,15.0,0.0,0.0,0.0,0.0,0.0,0.0,True,0.0,0.0,0.0,0.0,0.0,0.0,0.0,0.0,4233.573731593955,1.1637304325516193,0.0,0.0,0.0,0.0,0.02748813428869871,0.0,54554.0,99.9725118657113
KHM,Asia,Cambodia,2024-08-04,16767851.0,139319.0,6.0,3056.0,0.0,0.0,0.0,0.0,0.0,0.0,True,6.0,0.0,0.0,6.0,0.0,0.0,0.0,0.0,8308.697399565395,182.2535278969261,0.0,0.0,0.0,0.0,2.193527085322174,6.0,136257.0,97.8021662515522
CMR,Africa,Cameroon,2024-08-04,27914542.0,125246.0,0.0,1974.0,0.0,0.0,0.0,0.0,0.0,0.0,True,0.0,0.0,0.0,0.0,0.0,0.0,0.0,0.0,4486.765356924,70.7158297635691,0.0,0.0,0.0,0.0,1.576098238666305,0.0,123272.0,98.4239017613337
CAN,North America,Canada,2024-08-04,38454328.0,4819055.0,38.0,55282.0,0.0,0.0,0.0,34890285.0,102877159.0,0.0,True,38.0,0.0,0.0,38.0,0.0,0.0,0.0,0.0,125318.92378928061,1437.6015100302884,267.530767928125,0.0,0.0,90.73175066276025,1.1471543694770032,38.0,4763735.0,98.85205709418132
CPV,Africa,Cape Verde,2024-08-04,593162.0,64474.0,0.0,417.0,0.0,0.0,0.0,0.0,0.0,0.0,True,0.0,0.0,0.0,0.0,0.0,0.0,0.0,0.0,108695.4322765113,703.0119933508889,0.0,0.0,0.0,0.0,0.6467723423395477,0.0,64057.0,99.35322765766045
CYM,North America,Cayman Islands,2024-08-04,68722.0,31472.0,0.0,37.0,0.0,0.0,0.0,0.0,0.0,0.0,True,0.0,0.0,0.0,0.0,0.0,0.0,0.0,0.0,457961.0605046419,538.4010942638456,0.0,0.0,0.0,0.0,0.1175648195221149,0.0,31435.0,99.88243518047788
CAF,Africa,Central African Republic,2024-08-04,5579148.0,15441.0,0.0,113.0,0.0,0.0,0.0,0.0,0.0,0.0,True,0.0,0.0,0.0,0.0,0.0,0.0,0.0,0.0,2767.6268849652315,20.253988601843865,0.0,0.0,0.0,0.0,0.7318178874425232,0.0,15328.0,99.26818211255748
TCD,Africa,Chad,2024-08-04,17723312.0,7702.0,0.0,194.0,0.0,0.0,0.0,0.0,0.0,0.0,True,0.0,0.0,0.0,0.0,0.0,0.0,0.0,0.0,434.56888870432346,10.946035368558652,0.0,0.0,0.0,0.0,2.5188262788886004,0.0,7508.0,97.4811737211114
CHL,South America,Chile,2024-08-04,19603736.0,5401126.0,100.0,62730.0,0.0,0.0,0.0,0.0,0.0,0.0,True,100.0,0.0,0.0,100.0,0.0,0.0,0.0,0.0,275515.13650255237,3199.9002639088794,0.0,0.0,0.0,0.0,1.161424488153026,100.0,5338296.0,98.83672404606003
CHN,Asia,China,2024-08-04,1425887360.0,99373219.0,2087.0,122304.0,15.0,0.0,0.0,0.0,0.0,0.0,True,2087.0,15.0,0.0,2087.0,15.0,0.0,0.0,0.0,69692.19433995124,85.77395622610752,0.0,0.0,0.0,0.0,0.12307541330627521,2087.0,99248828.0,99.87482442326841
COL,South America,Colombia,2024-08-04,51874028.0,6391876.0,976.0,142727.0,0.0,0.0,0.0,0.0,0.0,0.0,True,976.0,0.0,0.0,976.0,0.0,0.0,0.0,0.0,123219.19554810743,2751.4154096535553,0.0,0.0,0.0,0.0,2.2329438180590486,976.0,6248173.0,97.75178679936845
COM,Africa,Comoros,2024-08-04,836783.0,9109.0,0.0,160.0,0.0,0.0,0.0,0.0,0.0,0.0,True,0.0,0.0,0.0,0.0,0.0,0.0,0.0,0.0,10885.737401452945,191.20847340349889,0.0,0.0,0.0,0.0,1.7565045559336918,0.0,8949.0,98.24349544406631
COG,Africa,Congo,2024-08-04,5970430.0,25227.0,0.0,389.0,0.0,0.0,0.0,0.0,0.0,0.0,True,0.0,0.0,0.0,0.0,0.0,0.0,0.0,0.0,4225.32380414811,65.1544361126418,0.0,0.0,0.0,0.0,1.5419986522376818,0.0,24838.0,98.45800134776232
COK,Oceania,Cook Islands,2024-08-04,17032.0,7345.0,1.0,2.0,0.0,0.0,0.0,0.0,0.0,0.0,True,1.0,0.0,0.0,1.0,0.0,0.0,0.0,0.0,431247.0643494599,117.42602160638798,0.0,0.0,0.0,0.0,0.027229407760381213,1.0,7342.0,99.95915588835943
CRI,North America,Costa Rica,2024-08-04,5180836.0,1234701.0,0.0,9372.0,0.0,0.0,0.0,0.0,0.0,0.0,True,0.0,0.0,0.0,0.0,0.0,0.0,0.0,0.0,238320.80382393883,1808.9744589483241,0.0,0.0,0.0,0.0,0.7590501668015172,0.0,1225329.0,99.24094983319847
CIV,Africa,Cote d'Ivoire,2024-08-04,28160548.0,88434.0,0.0,835.0,0.0,0.0,0.0,0.0,0.0,0.0,True,0.0,0.0,0.0,0.0,0.0,0.0,0.0,0.0,3140.350819877511,29.65141161315469,0.0,0.0,0.0,0.0,0.9442069792161386,0.0,87599.0,99.05579302078387
HRV,Europe,Croatia,2024-08-04,4030361.0,1317144.0,0.0,18752.0,0.0,0.0,0.0,0.0,0.0,0.0,True,0.0,0.0,0.0,0.0,0.0,0.0,0.0,0.0,326805.4648206451,4652.684957997559,0.0,0.0,0.0,0.0,1.423686400272104,0.0,1298392.0,98.5763135997279
CUB,North America,Cuba,2024-08-04,11212198.0,1113662.0,0.0,8530.0,0.0,0.0,0.0,0.0,0.0,0.0,True,0.0,0.0,0.0,0.0,0.0,0.0,0.0,0.0,99325.9305624107,760.7785734786346,0.0,0.0,0.0,0.0,0.7659415513863272,0.0,1105132.0,99.23405844861367
CUW,North America,Curacao,2024-08-04,191173.0,45883.0,0.0,305.0,0.0,0.0,0.0,0.0,0.0,0.0,True,0.0,0.0,0.0,0.0,0.0,0.0,0.0,0.0,240007.7416790028,1595.413578277267,0.0,0.0,0.0,0.0,0.6647342152867075,0.0,45578.0,99.33526578471329
CYP,Europe,Cyprus,2024-08-04,896007.0,696410.0,0.0,1451.0,0.0,0.0,0.0,0.0,0.0,0.0,True,0.0,0.0,0.0,0.0,0.0,0.0,0.0,0.0,777237.2314055582,1619.4069912400237,0.0,0.0,0.0,0.0,0.20835427406269294,0.0,694959.0,99.7916457259373
CZE,Europe,Czechia,2024-08-12,10493990.0,4761919.0,571.0,43509.0,1.0,6982006.0,6895763.0,5581388.0,19047108.0,4.0,True,571.0,1.0,4.0,571.0,1.0,0.0,0.0,0.0,453775.82787862385,4146.087427184512,181.50491852955835,66.53337767617464,65.71154537025478,53.18651914095592,0.9136862680780584,571.0,4717839.0,99.07432276777493
COD,Africa,Democratic Republic of Congo,2024-08-04,99010216.0,101009.0,0.0,1474.0,0.0,0.0,0.0,0.0,0.0,0.0,True,0.0,0.0,0.0,0.0,0.0,0.0,0.0,0.0,1020.1876541709595,14.887352634398859,0.0,0.0,0.0,0.0,1.4592759061073766,0.0,99535.0,98.54072409389263
DNK,Europe,Denmark,2024-08-04,5882259.0,3435679.0,0.0,9693.0,0.0,0.0,0.0,0.0,0.0,0.0,True,0.0,0.0,0.0,0.0,0.0,0.0,0.0,0.0,584074.7576738801,1647.8363159459657,0.0,0.0,0.0,0.0,0.2821276376518295,0.0,3425986.0,99.71787236234817
DJI,Africa,Djibouti,2024-08-04,1120851.0,15690.0,0.0,189.0,0.0,0.0,0.0,0.0,0.0,0.0,True,0.0,0.0,0.0,0.0,0.0,0.0,0.0,0.0,13998.292368923256,168.6218774841616,0.0,0.0,0.0,0.0,1.2045889101338432,0.0,15501.0,98.79541108986616
DMA,North America,Dominica,2024-08-04,72758.0,16047.0,0.0,74.0,0.0,0.0,0.0,0.0,0.0,0.0,True,0.0,0.0,0.0,0.0,0.0,0.0,0.0,0.0,220553.0663294758,1017.070287803403,0.0,0.0,0.0,0.0,0.4611453854302985,0.0,15973.0,99.5388546145697
DOM,North America,Dominican Republic,2024-08-04,11228821.0,661103.0,0.0,4384.0,0.0,0.0,0.0,0.0,0.0,0.0,True,0.0,0.0,0.0,0.0,0.0,0.0,0.0,0.0,58875.5489111457,390.42389223231896,0.0,0.0,0.0,0.0,0.6631341863522022,0.0,656719.0,99.3368658136478
TLS,Asia,East Timor,2024-08-04,1341298.0,23460.0,0.0,138.0,0.0,0.0,0.0,0.0,0.0,0.0,True,0.0,0.0,0.0,0.0,0.0,0.0,0.0,0.0,17490.520376530792,102.8854139795929,0.0,0.0,0.0,0.0,0.5882352941176471,0.0,23322.0,99.41176470588235
ECU,South America,Ecuador,2024-08-04,18001002.0,1077445.0,157.0,36050.0,0.0,0.0,0.0,0.0,0.0,0.0,True,157.0,0.0,0.0,157.0,0.0,0.0,0.0,0.0,59854.72364260612,2002.6662960206327,0.0,0.0,0.0,0.0,3.3458784439112903,157.0,1041238.0,96.6395500466381
EGY,Africa,Egypt,2024-08-04,110990096.0,516023.0,0.0,24830.0,0.0,0.0,0.0,0.0,0.0,0.0,True,0.0,0.0,0.0,0.0,0.0,0.0,0.0,0.0,4649.2706880801325,223.71365459491088,0.0,0.0,0.0,0.0,4.8118010243729445,0.0,491193.0,95.18819897562706
SLV,North America,El Salvador,2024-08-04,6336393.0,201920.0,3.0,4230.0,0.0,0.0,0.0,0.0,0.0,0.0,True,3.0,0.0,0.0,3.0,0.0,0.0,0.0,0.0,31866.710287698377,667.5722291846481,0.0,0.0,0.0,0.0,2.094889064976228,3.0,197687.0,97.90362519809825
GNQ,Africa,Equatorial Guinea,2024-08-04,1674916.0,17130.0,0.0,183.0,0.0,0.0,0.0,0.0,0.0,0.0,True,0.0,0.0,0.0,0.0,0.0,0.0,0.0,0.0,10227.378567044556,109.259210611159,0.0,0.0,0.0,0.0,1.0683012259194395,0.0,16947.0,98.93169877408056
ERI,Africa,Eritrea,2024-08-04,3684041.0,10189.0,0.0,103.0,0.0,0.0,0.0,0.0,0.0,0.0,True,0.0,0.0,0.0,0.0,0.0,0.0,0.0,0.0,2765.712976592823,27.95842934429883,0.0,0.0,0.0,0.0,1.0108941014819903,0.0,10086.0,98.98910589851802
EST,Europe,Estonia,2024-08-12,1326064.0,610471.0,0.0,2998.0,0.0,870213.0,862748.0,659459.0,2171623.0,9.0,True,0.0,0.0,9.0,0.0,0.0,0.0,0.0,0.0,460363.1498932178,2260.826023480013,163.76456943254624,65.62375571616454,65.06081154454084,49.730555991264374,0.4910962191488211,0.0,607473.0,99.50890378085117
SWZ,Africa,Eswatini,2024-08-04,1201680.0,75356.0,0.0,1427.0,0.0,0.0,0.0,0.0,0.0,0.0,True,0.0,0.0,0.0,0.0,0.0,0.0,0.0,0.0,62708.87424272685,1187.5041608414886,0.0,0.0,0.0,0.0,1.8936780083868572,0.0,73929.0,98.10632199161314
ETH,Africa,Ethiopia,2024-08-04,123379928.0,501193.0,0.0,7574.0,0.0,0.0,0.0,0.0,0.0,0.0,True,0.0,0.0,0.0,0.0,0.0,0.0,0.0,0.0,4062.1923527139684,61.38761890021527,0.0,0.0,0.0,0.0,1.5111942904230506,0.0,493619.0,98.48880570957695
OWID_EUR,Unknown,Europe,2024-08-14,744807803.0,252916868.0,39047.0,2102483.0,162.0,523814328.0,493751304.0,365099941.0,1399334208.0,64.0,False,39047.0,162.0,64.0,39047.0,162.0,0.0,0.0,0.0,339573.3328534959,2822.8530790513214,187.87856442476075,70.32879165472437,66.29244511285015,49.01934962676539,0.8312940993718142,39047.0,250775338.0,99.15326723087524
OWID_EUN,Unknown,European Union (27),2024-08-14,450146793.0,185822587.0,25642.0,1262988.0,150.0,338119562.0,327967426.0,282438789.0,951113290.0,64.0,False,25642.0,150.0,64.0,25642.0,150.0,0.0,0.0,0.0,412804.4226675186,2805.724753880452,211.28958481772412,75.11317802501817,72.85788349490696,62.74370791751925,0.6796741022661578,25642.0,184533957.0,99.30652671410715
FLK,South America,Falkland Islands,2024-08-04,3801.0,1923.0,0.0,0.0,0.0,0.0,0.0,0.0,0.0,0.0,True,0.0,0.0,0.0,0.0,0.0,0.0,0.0,0.0,505919.49486977106,0.0,0.0,0.0,0.0,0.0,0.0,0.0,1923.0,100.0
FRO,Europe,Faroe Islands,2024-08-04,53117.0,34658.0,0.0,28.0,0.0,0.0,0.0,0.0,0.0,0.0,True,0.0,0.0,0.0,0.0,0.0,0.0,0.0,0.0,652484.1387879587,527.1382043413596,0.0,0.0,0.0,0.0,0.08078942812626233,0.0,34630.0,99.91921057187373
FJI,Oceania,Fiji,2024-08-04,929769.0,69047.0,0.0,885.0,0.0,0.0,0.0,0.0,0.0,0.0,True,0.0,0.0,0.0,0.0,0.0,0.0,0.0,0.0,74262.5318761972,951.8493303175304,0.0,0.0,0.0,0.0,1.2817356293539184,0.0,68162.0,98.71826437064608
FIN,Europe,Finland,2024-08-04,5540745.0,1499712.0,0.0,11466.0,0.0,0.0,0.0,0.0,0.0,0.0,True,0.0,0.0,0.0,0.0,0.0,0.0,0.0,0.0,270669.73845574923,2069.3968049422956,0.0,0.0,0.0,0.0,0.764546792984253,0.0,1488246.0,99.23545320701575
FRA,Europe,France,2024-08-04,67813000.0,38997490.0,0.0,168091.0,0.0,0.0,0.0,0.0,0.0,0.0,True,0.0,0.0,0.0,0.0,0.0,0.0,0.0,0.0,575073.9533717723,2478.7430138763957,0.0,0.0,0.0,0.0,0.43103030477089677,0.0,38829399.0,99.5689696952291
GUF,South America,French Guiana,2024-08-04,304568.0,98041.0,0.0,413.0,0.0,0.0,0.0,0.0,0.0,0.0,True,0.0,0.0,0.0,0.0,0.0,0.0,0.0,0.0,321901.8412965249,1356.0190170996295,0.0,0.0,0.0,0.0,0.42125233320753563,0.0,97628.0,99.57874766679247
PYF,Oceania,French Polynesia,2024-08-04,306292.0,79387.0,47.0,650.0,0.0,0.0,0.0,0.0,0.0,0.0,True,47.0,0.0,0.0,47.0,0.0,0.0,0.0,0.0,259187.3114544291,2122.157940788529,0.0,0.0,0.0,0.0,0.8187738546613424,47.0,78690.0,99.12202249738623
GAB,Africa,Gabon,2024-08-04,2388997.0,49051.0,0.0,307.0,0.0,0.0,0.0,0.0,0.0,0.0,True,0.0,0.0,0.0,0.0,0.0,0.0,0.0,0.0,20532.047549662053,128.50581227184463,0.0,0.0,0.0,0.0,0.6258791869686653,0.0,48744.0,99.37412081303133
GMB,Africa,Gambia,2024-08-04,2705995.0,12627.0,0.0,372.0,0.0,0.0,0.0,0.0,0.0,0.0,True,0.0,0.0,0.0,0.0,0.0,0.0,0.0,0.0,4666.305739663229,137.47253782804478,0.0,0.0,0.0,0.0,2.9460679496317415,0.0,12255.0,97.05393205036826
GEO,Asia,Georgia,2024-08-04,3744385.0,1863615.0,0.0,17150.0,0.0,0.0,0.0,0.0,0.0,0.0,True,0.0,0.0,0.0,0.0,0.0,0.0,0.0,0.0,497709.2366303145,4580.1914065994815,0.0,0.0,0.0,0.0,0.9202544516973731,0.0,1846465.0,99.07974554830263
DEU,Europe,Germany,2024-08-04,83369840.0,38437756.0,0.0,174979.0,0.0,0.0,0.0,0.0,0.0,0.0,True,0.0,0.0,0.0,0.0,0.0,0.0,0.0,0.0,461051.0947364179,2098.828545190923,0.0,0.0,0.0,0.0,0.4552268868141002,0.0,38262777.0,99.5447731131859
GHA,Africa,Ghana,2024-08-04,33475870.0,172062.0,0.0,1462.0,0.0,0.0,0.0,0.0,0.0,0.0,True,0.0,0.0,0.0,0.0,0.0,0.0,0.0,0.0,5139.881353344962,43.673248820717724,0.0,0.0,0.0,0.0,0.8496937150562007,0.0,170600.0,99.1503062849438
GIB,Europe,Gibraltar,2024-08-04,32677.0,20550.0,0.0,113.0,0.0,0.0,0.0,0.0,0.0,0.0,True,0.0,0.0,0.0,0.0,0.0,0.0,0.0,0.0,628882.700370291,3458.089787924228,0.0,0.0,0.0,0.0,0.5498783454987834,0.0,20437.0,99.45012165450122
GRC,Europe,Greece,2024-08-04,10384972.0,5673681.0,5818.0,39258.0,40.0,0.0,0.0,0.0,0.0,0.0,True,5818.0,40.0,0.0,5818.0,40.0,0.0,0.0,0.0,546335.7050938606,3780.2701827217256,0.0,0.0,0.0,0.0,0.6919317458982978,5818.0,5628605.0,99.20552459681818
GRL,North America,Greenland,2024-08-04,56494.0,11971.0,0.0,21.0,0.0,0.0,0.0,0.0,0.0,0.0,True,0.0,0.0,0.0,0.0,0.0,0.0,0.0,0.0,211898.60870180905,371.72089071405816,0.0,0.0,0.0,0.0,0.1754239411912121,0.0,11950.0,99.82457605880879
GRD,North America,Grenada,2024-08-04,125459.0,19693.0,0.0,238.0,0.0,0.0,0.0,0.0,0.0,0.0,True,0.0,0.0,0.0,0.0,0.0,0.0,0.0,0.0,156967.61491802102,1897.0340908185144,0.0,0.0,0.0,0.0,1.2085512618696999,0.0,19455.0,98.7914487381303
GLP,North America,Guadeloupe,2024-08-04,395762.0,203235.0,0.0,1021.0,0.0,0.0,0.0,0.0,0.0,0.0,True,0.0,0.0,0.0,0.0,0.0,0.0,0.0,0.0,513528.3326847954,2579.8333341755906,0.0,0.0,0.0,0.0,0.5023740989494919,0.0,202214.0,99.49762590105051
GUM,Oceania,Guam,2024-08-04,171783.0,52287.0,0.0,419.0,0.0,0.0,0.0,0.0,0.0,0.0,True,0.0,0.0,0.0,0.0,0.0,0.0,0.0,0.0,304378.19807547895,2439.123778255124,0.0,0.0,0.0,0.0,0.8013464149788667,0.0,51868.0,99.19865358502113
GTM,North America,Guatemala,2024-08-04,17843914.0,1250371.0,1.0,20203.0,0.0,0.0,0.0,0.0,0.0,0.0,True,1.0,0.0,0.0,1.0,0.0,0.0,0.0,0.0,70072.68696766863,1132.2067568808054,0.0,0.0,0.0,0.0,1.615760442300725,1.0,1230167.0,98.38415958143622
GGY,Europe,Guernsey,2024-08-04,63329.0,35326.0,0.0,67.0,0.0,0.0,0.0,0.0,0.0,0.0,True,0.0,0.0,0.0,0.0,0.0,0.0,0.0,0.0,557817.1138025234,1057.9671240663833,0.0,0.0,0.0,0.0,0.18966200532185926,0.0,35259.0,99.81033799467815
GIN,Africa,Guinea,2024-08-04,13859349.0,38572.0,0.0,468.0,0.0,0.0,0.0,0.0,0.0,0.0,True,0.0,0.0,0.0,0.0,0.0,0.0,0.0,0.0,2783.10330449143,33.76781983049853,0.0,0.0,0.0,0.0,1.2133153582909884,0.0,38104.0,98.78668464170902
GNB,Africa,Guinea-Bissau,2024-08-04,2105580.0,9614.0,0.0,177.0,0.0,0.0,0.0,0.0,0.0,0.0,True,0.0,0.0,0.0,0.0,0.0,0.0,0.0,0.0,4565.962822595199,84.0623486165332,0.0,0.0,0.0,0.0,1.841065113376326,0.0,9437.0,98.15893488662367
GUY,South America,Guyana,2024-08-04,808727.0,74443.0,4.0,1302.0,0.0,0.0,0.0,0.0,0.0,0.0,True,4.0,0.0,0.0,4.0,0.0,0.0,0.0,0.0,92049.60388363441,1609.9375932793141,0.0,0.0,0.0,0.0,1.7489891594911544,4.0,73137.0,98.24563760192362
HTI,North America,Haiti,2024-08-04,11585003.0,34456.0,0.0,860.0,0.0,0.0,0.0,0.0,0.0,0.0,True,0.0,0.0,0.0,0.0,0.0,0.0,0.0,0.0,2974.189993735867,74.23390395324024,0.0,0.0,0.0,0.0,2.495936846993267,0.0,33596.0,97.50406315300674
OWID_HIC,Unknown,High-income countries,2024-08-14,1250514600.0,429044049.0,32293.0,2997359.0,786.0,998723024.0,929255961.0,839231470.0,2840880020.0,1421.0,False,32293.0,786.0,1421.0,32293.0,786.0,0.0,0.0,0.0,343093.9942644412,2396.900444025204,227.17687742310244,79.86496311198606,74.30988498654874,67.11088938905631,0.69861334913889,32293.0,426014397.0,99.29385991786592
HND,North America,Honduras,2024-08-04,10432858.0,472896.0,1.0,11114.0,0.0,0.0,0.0,0.0,0.0,0.0,True,1.0,0.0,0.0,1.0,0.0,0.0,0.0,0.0,45327.56029076596,1065.2881501885677,0.0,0.0,0.0,0.0,2.35019962105833,1.0,461781.0,97.64958891595616
HKG,Asia,Hong Kong,2024-08-10,7488863.0,0.0,0.0,0.0,0.0,6920120.0,6803327.0,7291392.0,21014839.0,0.0,True,0.0,0.0,0.0,0.0,0.0,0.0,0.0,0.0,0.0,0.0,280.61454722833093,92.40548264803348,90.84592681158675,97.36313776871069,0.0,0.0,0.0,0.0
HUN,Europe,Hungary,2024-08-04,9967304.0,2230800.0,143.0,49053.0,0.0,0.0,0.0,0.0,0.0,0.0,True,143.0,0.0,0.0,143.0,0.0,0.0,0.0,0.0,223811.7749794729,4921.390979948038,0.0,0.0,0.0,0.0,2.1988972565895644,143.0,2181604.0,97.79469248700018
ISL,Europe,Iceland,2024-08-04,372903.0,210374.0,27.0,186.0,0.0,0.0,0.0,0.0,0.0,0.0,True,27.0,0.0,0.0,27.0,0.0,0.0,0.0,0.0,564152.0717183825,498.78922937064067,0.0,0.0,0.0,0.0,0.08841396750549022,27.0,210161.0,99.89875174688888
IND,Asia,India,2024-08-12,1417173120.0,45041748.0,313.0,533623.0,0.0,1027438924.0,951990552.0,227438524.0,2206868000.0,7.0,True,313.0,0.0,7.0,313.0,0.0,0.0,0.0,0.0,31782.81281541665,376.54044694271363,155.7232471358192,72.49918231584861,67.17531814320611,16.048746676764516,1.184729775585086,313.0,44507812.0,98.81457531355133
IDN,Asia,Indonesia,2024-08-04,275501344.0,6829399.0,46.0,162059.0,0.0,0.0,0.0,0.0,0.0,0.0,True,46.0,0.0,0.0,46.0,0.0,0.0,0.0,0.0,24788.986147377924,588.2330650263543,0.0,0.0,0.0,0.0,2.372961368928657,46.0,6667294.0,97.6263650725342
IRN,Asia,Iran,2024-08-04,88550568.0,7627863.0,0.0,146837.0,0.0,0.0,0.0,0.0,0.0,0.0,True,0.0,0.0,0.0,0.0,0.0,0.0,0.0,0.0,86141.32209744833,1658.227646828872,0.0,0.0,0.0,0.0,1.9250083542402374,0.0,7481026.0,98.07499164575977
IRQ,Asia,Iraq,2024-08-04,44496124.0,2465545.0,0.0,25375.0,0.0,0.0,0.0,0.0,0.0,0.0,True,0.0,0.0,0.0,0.0,0.0,0.0,0.0,0.0,55410.33192014657,570.2743906413061,0.0,0.0,0.0,0.0,1.029184216876999,0.0,2440170.0,98.970815783123
IRL,Europe,Ireland,2024-08-04,5023108.0,1745088.0,761.0,9744.0,9.0,0.0,0.0,0.0,0.0,0.0,True,761.0,9.0,0.0,761.0,9.0,0.0,0.0,0.0,347412.0006975761,1939.8348592146535,0.0,0.0,0.0,0.0,0.558367257123996,761.0,1734583.0,99.39802462683829
IMN,Europe,Isle of Man,2024-08-04,84534.0,38008.0,0.0,116.0,0.0,0.0,0.0,0.0,0.0,0.0,True,0.0,0.0,0.0,0.0,0.0,0.0,0.0,0.0,449617.90522156766,1372.2289256393876,0.0,0.0,0.0,0.0,0.3051989054935803,0.0,37892.0,99.69480109450643
ISR,Asia,Israel,2024-08-04,9449000.0,4841558.0,0.0,12707.0,0.0,0.0,0.0,0.0,0.0,0.0,True,0.0,0.0,0.0,0.0,0.0,0.0,0.0,0.0,512388.400888983,1344.7983913641656,0.0,0.0,0.0,0.0,0.26245683724123514,0.0,4828851.0,99.73754316275877
ITA,Europe,Italy,2024-08-07,59037472.0,26781078.0,6350.0,197307.0,6.0,0.0,0.0,0.0,0.0,0.0,True,6350.0,6.0,0.0,6350.0,6.0,0.0,0.0,0.0,453628.46837344253,3342.0638336275647,0.0,0.0,0.0,0.0,0.7367403209086654,6350.0,26577421.0,99.23954890837479
JAM,North America,Jamaica,2024-08-04,2827382.0,157181.0,12.0,3611.0,0.0,0.0,0.0,0.0,0.0,0.0,True,12.0,0.0,0.0,12.0,0.0,0.0,0.0,0.0,55592.417296283274,1277.1532109916525,0.0,0.0,0.0,0.0,2.297351461054453,12.0,153558.0,97.69501402841311
JPN,Asia,Japan,2024-08-04,123951696.0,33803572.0,0.0,74694.0,0.0,0.0,0.0,0.0,0.0,0.0,True,0.0,0.0,0.0,0.0,0.0,0.0,0.0,0.0,272715.6875691318,602.6057118250322,0.0,0.0,0.0,0.0,0.2209648140143296,0.0,33728878.0,99.77903518598566
JEY,Europe,Jersey,2024-08-04,110796.0,66391.0,0.0,161.0,0.0,0.0,0.0,0.0,0.0,0.0,True,0.0,0.0,0.0,0.0,0.0,0.0,0.0,0.0,599218.3833351384,1453.121051301491,0.0,0.0,0.0,0.0,0.24250274886656326,0.0,66230.0,99.75749725113343
JOR,Asia,Jordan,2024-08-04,11285875.0,1746997.0,0.0,14122.0,0.0,0.0,0.0,0.0,0.0,0.0,True,0.0,0.0,0.0,0.0,0.0,0.0,0.0,0.0,154794.99817249438,1251.298636570049,0.0,0.0,0.0,0.0,0.8083585718807761,0.0,1732875.0,99.19164142811923
KAZ,Asia,Kazakhstan,2024-08-04,19397998.0,1504370.0,0.0,19072.0,0.0,0.0,0.0,0.0,0.0,0.0,True,0.0,0.0,0.0,0.0,0.0,0.0,0.0,0.0,77552.84849498386,983.1942450968395,0.0,0.0,0.0,0.0,1.2677732206837413,0.0,1485298.0,98.73222677931625
KEN,Africa,Kenya,2024-08-04,54027484.0,344106.0,0.0,5689.0,0.0,0.0,0.0,0.0,0.0,0.0,True,0.0,0.0,0.0,0.0,0.0,0.0,0.0,0.0,6369.09170154953,105.29825893798794,0.0,0.0,0.0,0.0,1.6532696320319902,0.0,338417.0,98.34673036796801
KIR,Oceania,Kiribati,2024-08-04,131237.0,5085.0,0.0,24.0,0.0,0.0,0.0,0.0,0.0,0.0,True,0.0,0.0,0.0,0.0,0.0,0.0,0.0,0.0,38746.69491073401,182.87525621585374,0.0,0.0,0.0,0.0,0.471976401179941,0.0,5061.0,99.52802359882006
OWID_KOS,Europe,Kosovo,2024-08-04,1782115.0,274279.0,0.0,3212.0,0.0,0.0,0.0,0.0,0.0,0.0,False,0.0,0.0,0.0,0.0,0.0,0.0,0.0,0.0,153906.45384837678,1802.352822348726,0.0,0.0,0.0,0.0,1.1710703334925385,0.0,271067.0,98.82892966650746
KWT,Asia,Kuwait,2024-08-04,4268886.0,667290.0,0.0,2570.0,0.0,0.0,0.0,0.0,0.0,0.0,True,0.0,0.0,0.0,0.0,0.0,0.0,0.0,0.0,156314.78563728335,602.030600020708,0.0,0.0,0.0,0.0,0.38513989419892397,0.0,664720.0,99.61486010580107
KGZ,Asia,Kyrgyzstan,2024-08-04,6630621.0,88953.0,0.0,1024.0,0.0,0.0,0.0,0.0,0.0,0.0,True,0.0,0.0,0.0,0.0,0.0,0.0,0.0,0.0,13415.485517872306,154.43500691715,0.0,0.0,0.0,0.0,1.1511697188402863,0.0,87929.0,98.84883028115972
LAO,Asia,Laos,2024-08-04,7529477.0,219060.0,0.0,671.0,0.0,0.0,0.0,0.0,0.0,0.0,True,0.0,0.0,0.0,0.0,0.0,0.0,0.0,0.0,29093.654180761827,89.11641538980729,0.0,0.0,0.0,0.0,0.30630877385191274,0.0,218389.0,99.69369122614809
LVA,Europe,Latvia,2024-08-04,1850654.0,977765.0,0.0,7475.0,0.0,0.0,0.0,0.0,0.0,0.0,True,0.0,0.0,0.0,0.0,0.0,0.0,0.0,0.0,528334.8481131536,4039.1126596327563,0.0,0.0,0.0,0.0,0.7644986269706934,0.0,970290.0,99.23550137302931
LBN,Asia,Lebanon,2024-08-04,5489744.0,1239904.0,0.0,10947.0,0.0,0.0,0.0,0.0,0.0,0.0,True,0.0,0.0,0.0,0.0,0.0,0.0,0.0,0.0,225858.2549568796,1994.0820555566888,0.0,0.0,0.0,0.0,0.8828909334916252,0.0,1228957.0,99.11710906650838
LSO,Africa,Lesotho,2024-08-04,2305826.0,36138.0,0.0,709.0,0.0,0.0,0.0,0.0,0.0,0.0,True,0.0,0.0,0.0,0.0,0.0,0.0,0.0,0.0,15672.474852829313,307.4820042795944,0.0,0.0,0.0,0.0,1.961923736786762,0.0,35429.0,98.03807626321324
LBR,Africa,Liberia,2024-08-04,5302690.0,7930.0,0.0,294.0,0.0,0.0,0.0,0.0,0.0,0.0,True,0.0,0.0,0.0,0.0,0.0,0.0,0.0,0.0,1495.4673948505383,55.443557892315035,0.0,0.0,0.0,0.0,3.7074401008827236,0.0,7636.0,96.29255989911728
LBY,Africa,Libya,2024-08-04,6812344.0,507269.0,0.0,6437.0,0.0,0.0,0.0,0.0,0.0,0.0,True,0.0,0.0,0.0,0.0,0.0,0.0,0.0,0.0,74463.20972634382,944.902371342375,0.0,0.0,0.0,0.0,1.2689519761704342,0.0,500832.0,98.73104802382957
LIE,Europe,Liechtenstein,2024-08-04,39355.0,21588.0,0.0,89.0,0.0,0.0,0.0,0.0,0.0,0.0,True,0.0,0.0,0.0,0.0,0.0,0.0,0.0,0.0,548545.2928471605,2261.4661415322066,0.0,0.0,0.0,0.0,0.412266073744673,0.0,21499.0,99.58773392625532
LTU,Europe,Lithuania,2024-08-14,2750058.0,1369355.0,807.0,9810.0,0.0,1958300.0,1881106.0,948621.0,4604865.0,1.0,True,807.0,0.0,1.0,807.0,0.0,0.0,0.0,0.0,497936.770788107,3567.1974918347178,167.44610477306296,71.209407219775,68.40241187640406,34.4945815688251,0.7163956753361984,807.0,1358738.0,99.22467146941443
OWID_LIC,Unknown,Low-income countries,2024-08-04,737604900.0,1944334.0,0.0,43529.0,0.0,0.0,0.0,0.0,0.0,0.0,False,0.0,0.0,0.0,0.0,0.0,0.0,0.0,0.0,2636.010145811125,59.0139788930361,0.0,0.0,0.0,0.0,2.238761447364496,0.0,1900805.0,97.7612385526355
OWID_LMC,Unknown,Lower-middle-income countries,2024-08-12,3432097300.0,91954400.0,598.0,1188026.0,0.0,2281867638.0,2053053994.0,681863964.0,4954377376.0,10.0,False,598.0,0.0,10.0,598.0,0.0,0.0,0.0,0.0,26792.48050455912,346.1516082309205,144.35422259153316,66.48609985503616,59.81922464727326,19.867267865628403,1.2919729779107907,598.0,90765776.0,98.70737669975553
LUX,Europe,Luxembourg,2024-08-04,647601.0,393542.0,190.0,1000.0,0.0,0.0,0.0,0.0,0.0,0.0,True,190.0,0.0,0.0,190.0,0.0,0.0,0.0,0.0,607692.0820072853,1544.1606791836332,0.0,0.0,0.0,0.0,0.25410248461409457,190.0,392352.0,99.69761804330923
MDG,Africa,Madagascar,2024-08-04,29611718.0,68567.0,0.0,1428.0,0.0,0.0,0.0,0.0,0.0,0.0,True,0.0,0.0,0.0,0.0,0.0,0.0,0.0,0.0,2315.536032053257,48.22415234401463,0.0,0.0,0.0,0.0,2.0826345034783493,0.0,67139.0,97.91736549652164
MWI,Africa,Malawi,2024-08-04,20405318.0,89168.0,0.0,2686.0,0.0,0.0,0.0,0.0,0.0,0.0,True,0.0,0.0,0.0,0.0,0.0,0.0,0.0,0.0,4369.841234525235,131.63235191923988,0.0,0.0,0.0,0.0,3.0122914049883365,0.0,86482.0,96.98770859501167
MYS,Asia,Malaysia,2024-08-14,33938216.0,5309410.0,1085.0,37351.0,0.0,28138569.0,27551144.0,17185825.0,72657288.0,14.0,True,1085.0,0.0,14.0,1085.0,0.0,0.0,0.0,0.0,156443.40291781983,1100.5587329634534,214.08693963171194,82.91116127023295,81.18029539325225,50.63856332342278,0.7034868281033109,1085.0,5270974.0,99.27607775628555
MDV,Asia,Maldives,2024-08-04,523798.0,186694.0,0.0,316.0,0.0,0.0,0.0,0.0,0.0,0.0,True,0.0,0.0,0.0,0.0,0.0,0.0,0.0,0.0,356423.65950232727,603.2859995647177,0.0,0.0,0.0,0.0,0.16926092964958703,0.0,186378.0,99.83073907035042
MLI,Africa,Mali,2024-08-04,22593598.0,33166.0,0.0,743.0,0.0,0.0,0.0,0.0,0.0,0.0,True,0.0,0.0,0.0,0.0,0.0,0.0,0.0,0.0,1467.9379530431586,32.88542179072142,0.0,0.0,0.0,0.0,2.240246035096183,0.0,32423.0,97.75975396490382
MLT,Europe,Malta,2024-08-04,533293.0,122796.0,80.0,922.0,1.0,0.0,0.0,0.0,0.0,0.0,True,80.0,1.0,0.0,80.0,1.0,0.0,0.0,0.0,230259.91340595135,1728.880746606462,0.0,0.0,0.0,0.0,0.7508387895371185,80.0,121794.0,99.18401250855077
MHL,Oceania,Marshall Islands,2024-08-04,41593.0,16297.0,0.0,17.0,0.0,0.0,0.0,0.0,0.0,0.0,True,0.0,0.0,0.0,0.0,0.0,0.0,0.0,0.0,391820.7390666699,408.72262159497996,0.0,0.0,0.0,0.0,0.10431367736393202,0.0,16280.0,99.89568632263607
MTQ,North America,Martinique,2024-08-04,367512.0,230354.0,0.0,1104.0,0.0,0.0,0.0,0.0,0.0,0.0,True,0.0,0.0,0.0,0.0,0.0,0.0,0.0,0.0,626793.138727443,3003.9835433945013,0.0,0.0,0.0,0.0,0.4792623527266729,0.0,229250.0,99.52073764727332
MRT,Africa,Mauritania,2024-08-04,4736146.0,63872.0,0.0,997.0,0.0,0.0,0.0,0.0,0.0,0.0,True,0.0,0.0,0.0,0.0,0.0,0.0,0.0,0.0,13486.070741907028,210.50871320267578,0.0,0.0,0.0,0.0,1.560934368737475,0.0,62875.0,98.43906563126252
MUS,Africa,Mauritius,2024-08-04,1299478.0,328167.0,0.0,1073.0,0.0,0.0,0.0,0.0,0.0,0.0,True,0.0,0.0,0.0,0.0,0.0,0.0,0.0,0.0,252537.55738842825,825.7161721860624,0.0,0.0,0.0,0.0,0.3269676719475145,0.0,327094.0,99.67303232805249
MYT,Africa,Mayotte,2024-08-04,326113.0,42027.0,0.0,187.0,0.0,0.0,0.0,0.0,0.0,0.0,True,0.0,0.0,0.0,0.0,0.0,0.0,0.0,0.0,128872.50738241037,573.4208694532264,0.0,0.0,0.0,0.0,0.44495205463154636,0.0,41840.0,99.55504794536846
MEX,North America,Mexico,2024-08-04,127504120.0,7619458.0,340.0,334551.0,0.0,0.0,0.0,0.0,0.0,0.0,True,340.0,0.0,0.0,340.0,0.0,0.0,0.0,0.0,59758.52388142438,2623.8446255697463,0.0,0.0,0.0,0.0,4.390745378477052,340.0,7284567.0,95.6047923618714
FSM,Oceania,Micronesia (country),2024-08-04,114178.0,31765.0,0.0,65.0,0.0,0.0,0.0,0.0,0.0,0.0,True,0.0,0.0,0.0,0.0,0.0,0.0,0.0,0.0,278205.9591164673,569.2865525758027,0.0,0.0,0.0,0.0,0.2046277349283803,0.0,31700.0,99.79537226507162
MDA,Europe,Moldova,2024-08-04,3272993.0,637520.0,743.0,12245.0,2.0,0.0,0.0,0.0,0.0,0.0,True,743.0,2.0,0.0,743.0,2.0,0.0,0.0,0.0,194781.96256453954,3741.2240111726483,0.0,0.0,0.0,0.0,1.9207240557158989,743.0,624532.0,97.96273058100138
MCO,Europe,Monaco,2024-08-04,36491.0,17181.0,0.0,67.0,0.0,0.0,0.0,0.0,0.0,0.0,True,0.0,0.0,0.0,0.0,0.0,0.0,0.0,0.0,470828.42344687734,1836.0691677399907,0.0,0.0,0.0,0.0,0.3899656597404109,0.0,17114.0,99.61003434025959
MNG,Asia,Mongolia,2024-08-04,3398373.0,1011489.0,0.0,2136.0,0.0,0.0,0.0,0.0,0.0,0.0,True,0.0,0.0,0.0,0.0,0.0,0.0,0.0,0.0,297639.19381421636,628.5360671121151,0.0,0.0,0.0,0.0,0.21117382393679018,0.0,1009353.0,99.78882617606321
MNE,Europe,Montenegro,2024-08-04,627082.0,251280.0,0.0,2654.0,0.0,0.0,0.0,0.0,0.0,0.0,True,0.0,0.0,0.0,0.0,0.0,0.0,0.0,0.0,400713.1443734631,4232.301357717172,0.0,0.0,0.0,0.0,1.0561922954473097,0.0,248626.0,98.94380770455268
MSR,North America,Montserrat,2024-08-04,4413.0,1403.0,0.0,8.0,0.0,0.0,0.0,0.0,0.0,0.0,True,0.0,0.0,0.0,0.0,0.0,0.0,0.0,0.0,317924.31452526624,1812.8257421255382,0.0,0.0,0.0,0.0,0.5702066999287242,0.0,1395.0,99.42979330007128
MAR,Africa,Morocco,2024-08-04,37457976.0,1279115.0,0.0,16305.0,0.0,0.0,0.0,0.0,0.0,0.0,True,0.0,0.0,0.0,0.0,0.0,0.0,0.0,0.0,34148.00094911695,435.2878009212244,0.0,0.0,0.0,0.0,1.274709467092482,0.0,1262810.0,98.72529053290752
MOZ,Africa,Mozambique,2024-08-04,32969520.0,233843.0,0.0,2252.0,0.0,0.0,0.0,0.0,0.0,0.0,True,0.0,0.0,0.0,0.0,0.0,0.0,0.0,0.0,7092.702593183037,68.30551369871324,0.0,0.0,0.0,0.0,0.9630393041485099,0.0,231591.0,99.03696069585149
MMR,Asia,Myanmar,2024-08-04,54179312.0,642885.0,26.0,19494.0,0.0,0.0,0.0,0.0,0.0,0.0,True,26.0,0.0,0.0,26.0,0.0,0.0,0.0,0.0,11865.876037702361,359.8052334071721,0.0,0.0,0.0,0.0,3.032268601693927,26.0,623365.0,96.9636871291133
NAM,Africa,Namibia,2024-08-04,2567024.0,172533.0,0.0,4108.0,0.0,0.0,0.0,0.0,0.0,0.0,True,0.0,0.0,0.0,0.0,0.0,0.0,0.0,0.0,67211.29214218489,1600.2966859678756,0.0,0.0,0.0,0.0,2.380993780899886,0.0,168425.0,97.61900621910011
NRU,Oceania,Nauru,2024-08-04,12691.0,5393.0,0.0,1.0,0.0,0.0,0.0,0.0,0.0,0.0,True,0.0,0.0,0.0,0.0,0.0,0.0,0.0,0.0,424946.81270191475,78.79599716334411,0.0,0.0,0.0,0.0,0.018542555164101613,0.0,5392.0,99.9814574448359
NPL,Asia,Nepal,2024-08-04,30547586.0,1003450.0,0.0,12031.0,0.0,0.0,0.0,0.0,0.0,0.0,True,0.0,0.0,0.0,0.0,0.0,0.0,0.0,0.0,32848.74948874848,393.84454143119524,0.0,0.0,0.0,0.0,1.1989635756639594,0.0,991419.0,98.80103642433605
NLD,Europe,Netherlands,2024-08-04,17564020.0,8640008.0,383.0,22986.0,0.0,0.0,0.0,0.0,0.0,0.0,True,383.0,0.0,0.0,383.0,0.0,0.0,0.0,0.0,491915.1765939688,1308.6981226393502,0.0,0.0,0.0,0.0,0.2660414203320182,383.0,8616639.0,99.72952571340211
NCL,Oceania,New Caledonia,2024-08-04,289959.0,80163.0,0.0,314.0,0.0,0.0,0.0,0.0,0.0,0.0,True,0.0,0.0,0.0,0.0,0.0,0.0,0.0,0.0,276463.224110995,1082.9117220020762,0.0,0.0,0.0,0.0,0.3917019073637464,0.0,79849.0,99.60829809263625
NZL,Oceania,New Zealand,2024-08-11,5185289.0,2639048.0,1730.0,4284.0,16.0,0.0,0.0,4944676.0,13398398.0,0.0,True,1730.0,16.0,0.0,1730.0,16.0,0.0,0.0,0.0,508949.06725546066,826.1834586268963,258.392502327257,0.0,0.0,95.35969933401977,0.16233126491067992,1730.0,2633034.0,99.77211479291017
NIC,North America,Nicaragua,2024-08-04,6948395.0,16185.0,2.0,245.0,0.0,0.0,0.0,0.0,0.0,0.0,True,2.0,0.0,0.0,2.0,0.0,0.0,0.0,0.0,2329.314899340063,35.25994132457927,0.0,0.0,0.0,0.0,1.513747296879827,2.0,15938.0,98.47389558232932
NER,Africa,Niger,2024-08-04,26207982.0,9518.0,0.0,315.0,0.0,0.0,0.0,0.0,0.0,0.0,True,0.0,0.0,0.0,0.0,0.0,0.0,0.0,0.0,363.1718001027321,12.019239024202626,0.0,0.0,0.0,0.0,3.3095188064719476,0.0,9203.0,96.69048119352806
NGA,Africa,Nigeria,2024-08-04,218541216.0,267188.0,0.0,3155.0,0.0,0.0,0.0,0.0,0.0,0.0,True,0.0,0.0,0.0,0.0,0.0,0.0,0.0,0.0,1222.597754741147,14.436636062279437,0.0,0.0,0.0,0.0,1.1808165037351976,0.0,264033.0,98.81918349626481
NIU,Oceania,Niue,2024-08-04,1952.0,1074.0,0.0,0.0,0.0,0.0,0.0,0.0,0.0,0.0,True,0.0,0.0,0.0,0.0,0.0,0.0,0.0,0.0,550204.9180327869,0.0,0.0,0.0,0.0,0.0,0.0,0.0,1074.0,100.0
OWID_NAM,Unknown,North America,2024-08-04,600323657.0,124492666.0,454.0,1671178.0,619.0,458563506.0,394493922.0,256264817.0,1158547416.0,442.0,False,454.0,619.0,442.0,454.0,619.0,0.0,0.0,0.0,207375.9122239622,2783.7950087647473,192.98713327234412,76.38604620240712,65.71353925504222,42.68777583755957,1.34239072364311,454.0,122821034.0,98.6572445962399
PRK,Asia,North Korea,2024-08-04,26069416.0,0.0,0.0,0.0,0.0,0.0,0.0,0.0,0.0,0.0,True,0.0,0.0,0.0,0.0,0.0,0.0,0.0,0.0,0.0,0.0,0.0,0.0,0.0,0.0,0.0,0.0,0.0,0.0
MKD,Europe,North Macedonia,2024-08-04,2093606.0,350924.0,116.0,9978.0,0.0,0.0,0.0,0.0,0.0,0.0,True,116.0,0.0,0.0,116.0,0.0,0.0,0.0,0.0,167617.0205855352,4765.9397231379735,0.0,0.0,0.0,0.0,2.843350697017018,116.0,340830.0,97.12359371259875
MNP,Oceania,Northern Mariana Islands,2024-08-04,49574.0,14912.0,31.0,41.0,0.0,0.0,0.0,0.0,0.0,0.0,True,31.0,0.0,0.0,31.0,0.0,0.0,0.0,0.0,300802.8401984911,827.0464356315811,0.0,0.0,0.0,0.0,0.2749463519313305,31.0,14840.0,99.51716738197425
NOR,Europe,Norway,2024-08-04,5434324.0,1512647.0,745.0,5732.0,0.0,0.0,0.0,0.0,0.0,0.0,True,745.0,0.0,0.0,745.0,0.0,0.0,0.0,0.0,278350.5363316578,1054.7770063028997,0.0,0.0,0.0,0.0,0.378938377559338,745.0,1506170.0,99.57181021084232
OWID_OCE,Unknown,Oceania,2024-08-11,45038860.0,15003352.0,1809.0,32918.0,16.0,28960501.0,28072902.0,25400951.0,88358812.0,1130.0,False,1809.0,16.0,1130.0,1809.0,16.0,0.0,0.0,0.0,333120.1544621689,730.8799556649525,196.18350020404603,64.30114128110702,62.330400902687146,56.39785509668762,0.21940430378491418,1809.0,14968625.0,99.76853839062098
OMN,Asia,Oman,2024-08-04,4576300.0,399449.0,0.0,4628.0,0.0,0.0,0.0,0.0,0.0,0.0,True,0.0,0.0,0.0,0.0,0.0,0.0,0.0,0.0,87286.4541223259,1011.2973362760308,0.0,0.0,0.0,0.0,1.1585959659430867,0.0,394821.0,98.84140403405691
PAK,Asia,Pakistan,2024-08-04,235824864.0,1580631.0,0.0,30656.0,0.0,0.0,0.0,0.0,0.0,0.0,True,0.0,0.0,0.0,0.0,0.0,0.0,0.0,0.0,6702.562966388481,129.99477442717827,0.0,0.0,0.0,0.0,1.9394786006348097,0.0,1549975.0,98.06052139936519
PLW,Oceania,Palau,2024-08-04,18084.0,6372.0,0.0,10.0,0.0,0.0,0.0,0.0,0.0,0.0,True,0.0,0.0,0.0,0.0,0.0,0.0,0.0,0.0,352355.67352355673,552.9750055297501,0.0,0.0,0.0,0.0,0.15693659761456372,0.0,6362.0,99.84306340238544
PSE,Asia,Palestine,2024-08-04,5250076.0,703228.0,0.0,5708.0,0.0,0.0,0.0,0.0,0.0,0.0,True,0.0,0.0,0.0,0.0,0.0,0.0,0.0,0.0,133946.25144474098,1087.222356400174,0.0,0.0,0.0,0.0,0.8116855415313383,0.0,697520.0,99.18831445846867
PAN,North America,Panama,2024-08-04,4408582.0,1044821.0,0.0,8748.0,0.0,0.0,0.0,0.0,0.0,0.0,True,0.0,0.0,0.0,0.0,0.0,0.0,0.0,0.0,236997.0661768342,1984.3115087799204,0.0,0.0,0.0,0.0,0.8372726045896857,0.0,1036073.0,99.16272739541031
PNG,Oceania,Papua New Guinea,2024-08-04,10142625.0,46864.0,0.0,670.0,0.0,0.0,0.0,0.0,0.0,0.0,True,0.0,0.0,0.0,0.0,0.0,0.0,0.0,0.0,4620.500117080144,66.05784991557906,0.0,0.0,0.0,0.0,1.4296688289518606,0.0,46194.0,98.57033117104814
PRY,South America,Paraguay,2024-08-04,6780745.0,735759.0,0.0,19880.0,0.0,0.0,0.0,0.0,0.0,0.0,True,0.0,0.0,0.0,0.0,0.0,0.0,0.0,0.0,108507.10357047788,2931.8312368331212,0.0,0.0,0.0,0.0,2.701971705408972,0.0,715879.0,97.29802829459103
PER,South America,Peru,2024-08-04,34049588.0,4526977.0,0.0,220975.0,0.0,0.0,0.0,0.0,0.0,0.0,True,0.0,0.0,0.0,0.0,0.0,0.0,0.0,0.0,132952.47507840625,6489.799524152832,0.0,0.0,0.0,0.0,4.881292747897769,0.0,4306002.0,95.11870725210223
PHL,Asia,Philippines,2024-08-04,115559008.0,4140383.0,0.0,66864.0,0.0,0.0,0.0,0.0,0.0,0.0,True,0.0,0.0,0.0,0.0,0.0,0.0,0.0,0.0,35829.16703473259,578.613482040275,0.0,0.0,0.0,0.0,1.6149230638808052,0.0,4073519.0,98.38507693611919
PCN,Oceania,Pitcairn,2024-08-04,47.0,4.0,0.0,0.0,0.0,0.0,0.0,0.0,0.0,0.0,True,0.0,0.0,0.0,0.0,0.0,0.0,0.0,0.0,85106.3829787234,0.0,0.0,0.0,0.0,0.0,0.0,0.0,4.0,100.0
POL,Europe,Poland,2024-08-04,39857144.0,6670799.0,2463.0,120726.0,4.0,0.0,0.0,0.0,0.0,0.0,True,2463.0,4.0,0.0,2463.0,4.0,0.0,0.0,0.0,167367.71204680396,3028.9676550833647,0.0,0.0,0.0,0.0,1.8097682151718257,2463.0,6547610.0,98.15330967100043
PRT,Europe,Portugal,2024-08-04,10270857.0,5664109.0,1055.0,28809.0,50.0,0.0,0.0,0.0,0.0,0.0,True,1055.0,50.0,0.0,1055.0,50.0,0.0,0.0,0.0,551473.8448797408,2804.9265996011823,0.0,0.0,0.0,0.0,0.5086236864438873,1055.0,5634245.0,99.47275025957303
PRI,North America,Puerto Rico,2024-08-04,3252412.0,1252713.0,0.0,5938.0,0.0,0.0,0.0,0.0,0.0,0.0,True,0.0,0.0,0.0,0.0,0.0,0.0,0.0,0.0,385164.30267752055,1825.7219565048954,0.0,0.0,0.0,0.0,0.47401120607832764,0.0,1246775.0,99.52598879392167
QAT,Asia,Qatar,2024-08-04,2695131.0,514524.0,0.0,690.0,0.0,0.0,0.0,0.0,0.0,0.0,True,0.0,0.0,0.0,0.0,0.0,0.0,0.0,0.0,190908.71649652653,256.01723997831647,0.0,0.0,0.0,0.0,0.1341045315670406,0.0,513834.0,99.86589546843297
REU,Africa,Reunion,2024-08-04,974062.0,494595.0,0.0,921.0,0.0,0.0,0.0,0.0,0.0,0.0,True,0.0,0.0,0.0,0.0,0.0,0.0,0.0,0.0,507765.419449686,945.5250281809576,0.0,0.0,0.0,0.0,0.18621296212052285,0.0,493674.0,99.81378703787948
ROU,Europe,Romania,2024-08-04,19659270.0,3541619.0,4633.0,68825.0,6.0,0.0,0.0,0.0,0.0,0.0,True,4633.0,6.0,0.0,4633.0,6.0,0.0,0.0,0.0,180150.07678311554,3500.892962963528,0.0,0.0,0.0,0.0,1.943320272451667,4633.0,3468161.0,97.92586384927345
RUS,Europe,Russia,2024-08-04,144713312.0,24268728.0,7777.0,403188.0,10.0,0.0,0.0,0.0,0.0,0.0,True,7777.0,10.0,0.0,7777.0,10.0,0.0,0.0,0.0,167702.11160670553,2786.115488808659,0.0,0.0,0.0,0.0,1.6613478877014074,7777.0,23857763.0,98.30660675746994
RWA,Africa,Rwanda,2024-08-04,13776702.0,133264.0,0.0,1468.0,0.0,0.0,0.0,0.0,0.0,0.0,True,0.0,0.0,0.0,0.0,0.0,0.0,0.0,0.0,9673.142381972115,106.55670711321186,0.0,0.0,0.0,0.0,1.10157281786529,0.0,131796.0,98.89842718213471
BLM,North America,Saint Barthelemy,2024-08-04,10994.0,5507.0,0.0,5.0,0.0,0.0,0.0,0.0,0.0,0.0,True,0.0,0.0,0.0,0.0,0.0,0.0,0.0,0.0,500909.58704748045,454.79352374022193,0.0,0.0,0.0,0.0,0.09079353550027239,0.0,5502.0,99.90920646449972
SHN,Africa,Saint Helena,2024-08-04,5401.0,2166.0,0.0,0.0,0.0,0.0,0.0,0.0,0.0,0.0,True,0.0,0.0,0.0,0.0,0.0,0.0,0.0,0.0,401036.8450286984,0.0,0.0,0.0,0.0,0.0,0.0,0.0,2166.0,100.0
KNA,North America,Saint Kitts and Nevis,2024-08-04,47681.0,6607.0,0.0,46.0,0.0,0.0,0.0,0.0,0.0,0.0,True,0.0,0.0,0.0,0.0,0.0,0.0,0.0,0.0,138566.7246911768,964.7448669281265,0.0,0.0,0.0,0.0,0.6962312698652944,0.0,6561.0,99.3037687301347
LCA,North America,Saint Lucia,2024-08-04,179872.0,30282.0,0.0,410.0,0.0,0.0,0.0,0.0,0.0,0.0,True,0.0,0.0,0.0,0.0,0.0,0.0,0.0,0.0,168353.05105853052,2279.398683508273,0.0,0.0,0.0,0.0,1.3539396341060697,0.0,29872.0,98.64606036589393
MAF,North America,Saint Martin (French part),2024-08-04,31816.0,12324.0,0.0,46.0,0.0,0.0,0.0,0.0,0.0,0.0,True,0.0,0.0,0.0,0.0,0.0,0.0,0.0,0.0,387352.2755846115,1445.8134272064372,0.0,0.0,0.0,0.0,0.3732554365465758,0.0,12278.0,99.62674456345343
SPM,North America,Saint Pierre and Miquelon,2024-08-04,5885.0,3426.0,0.0,2.0,0.0,0.0,0.0,0.0,0.0,0.0,True,0.0,0.0,0.0,0.0,0.0,0.0,0.0,0.0,582158.0288870009,339.8470688190314,0.0,0.0,0.0,0.0,0.05837711617046118,0.0,3424.0,99.94162288382954
VCT,North America,Saint Vincent and the Grenadines,2024-08-04,103959.0,9674.0,0.0,124.0,0.0,0.0,0.0,0.0,0.0,0.0,True,0.0,0.0,0.0,0.0,0.0,0.0,0.0,0.0,93055.91627468521,1192.7779220654295,0.0,0.0,0.0,0.0,1.281786231135001,0.0,9550.0,98.718213768865
WSM,Oceania,Samoa,2024-08-04,222390.0,17057.0,0.0,31.0,0.0,0.0,0.0,0.0,0.0,0.0,True,0.0,0.0,0.0,0.0,0.0,0.0,0.0,0.0,76698.59256261523,139.39475695849634,0.0,0.0,0.0,0.0,0.18174356569150496,0.0,17026.0,99.8182564343085
SMR,Europe,San Marino,2024-08-04,33690.0,25292.0,0.0,126.0,0.0,0.0,0.0,0.0,0.0,0.0,True,0.0,0.0,0.0,0.0,0.0,0.0,0.0,0.0,750727.2187592757,3739.9821905609974,0.0,0.0,0.0,0.0,0.498181243080816,0.0,25166.0,99.50181875691918
STP,Africa,Sao Tome and Principe,2024-08-04,227393.0,6771.0,0.0,80.0,0.0,0.0,0.0,0.0,0.0,0.0,True,0.0,0.0,0.0,0.0,0.0,0.0,0.0,0.0,29776.64220094726,351.81382012638915,0.0,0.0,0.0,0.0,1.1815093782306896,0.0,6691.0,98.8184906217693
SAU,Asia,Saudi Arabia,2024-08-04,36408824.0,841469.0,0.0,9646.0,0.0,0.0,0.0,0.0,0.0,0.0,True,0.0,0.0,0.0,0.0,0.0,0.0,0.0,0.0,23111.677542784684,264.9357749099504,0.0,0.0,0.0,0.0,1.1463286229201552,0.0,831823.0,98.85367137707985
SEN,Africa,Senegal,2024-08-04,17316452.0,89485.0,0.0,1971.0,0.0,0.0,0.0,0.0,0.0,0.0,True,0.0,0.0,0.0,0.0,0.0,0.0,0.0,0.0,5167.629027008536,113.82239271647563,0.0,0.0,0.0,0.0,2.2026037883444154,0.0,87514.0,97.79739621165558
SRB,Europe,Serbia,2024-08-04,6871547.0,2583470.0,0.0,18057.0,0.0,0.0,0.0,0.0,0.0,0.0,True,0.0,0.0,0.0,0.0,0.0,0.0,0.0,0.0,375966.28532119474,2627.7925480244844,0.0,0.0,0.0,0.0,0.6989436687865545,0.0,2565413.0,99.30105633121345
SYC,Africa,Seychelles,2024-08-04,107135.0,51886.0,0.0,172.0,0.0,0.0,0.0,0.0,0.0,0.0,True,0.0,0.0,0.0,0.0,0.0,0.0,0.0,0.0,484304.8490222616,1605.4510664115369,0.0,0.0,0.0,0.0,0.3314959719384805,0.0,51714.0,99.66850402806152
SLE,Africa,Sierra Leone,2024-08-04,8605723.0,7979.0,0.0,125.0,0.0,0.0,0.0,0.0,0.0,0.0,True,0.0,0.0,0.0,0.0,0.0,0.0,0.0,0.0,927.1736959230503,14.525217695247685,0.0,0.0,0.0,0.0,1.5666123574382753,0.0,7854.0,98.43338764256173
SGP,Asia,Singapore,2024-08-04,5637022.0,3006155.0,0.0,2024.0,0.0,0.0,0.0,0.0,0.0,0.0,True,0.0,0.0,0.0,0.0,0.0,0.0,0.0,0.0,533287.7891908174,359.05483427242257,0.0,0.0,0.0,0.0,0.06732853096397225,0.0,3004131.0,99.93267146903602
SXM,North America,Sint Maarten (Dutch part),2024-08-04,44192.0,11051.0,0.0,92.0,0.0,0.0,0.0,0.0,0.0,0.0,True,0.0,0.0,0.0,0.0,0.0,0.0,0.0,0.0,250067.8855901521,2081.8247646632876,0.0,0.0,0.0,0.0,0.8325038458058095,0.0,10959.0,99.1674961541942
SVK,Europe,Slovakia,2024-08-04,5643455.0,1878002.0,61.0,21227.0,1.0,0.0,0.0,0.0,0.0,0.0,True,61.0,1.0,0.0,61.0,1.0,0.0,0.0,0.0,332775.22368832567,3761.3483229688195,0.0,0.0,0.0,0.0,1.1302969858392056,61.0,1856714.0,98.8664548813047
SVN,Europe,Slovenia,2024-08-04,2119843.0,1356582.0,148.0,10083.0,4.0,0.0,0.0,0.0,0.0,0.0,True,148.0,4.0,0.0,148.0,4.0,0.0,0.0,0.0,639944.5619321809,4756.484324546676,0.0,0.0,0.0,0.0,0.7432650588021955,148.0,1346351.0,99.24582516943318
SLB,Oceania,Solomon Islands,2024-08-04,724272.0,25954.0,0.0,199.0,0.0,0.0,0.0,0.0,0.0,0.0,True,0.0,0.0,0.0,0.0,0.0,0.0,0.0,0.0,35834.603574347755,274.75865420725916,0.0,0.0,0.0,0.0,0.7667411574323804,0.0,25755.0,99.23325884256762
SOM,Africa,Somalia,2024-08-04,17597508.0,27334.0,0.0,1361.0,0.0,0.0,0.0,0.0,0.0,0.0,True,0.0,0.0,0.0,0.0,0.0,0.0,0.0,0.0,1553.2881132942232,77.3404961657071,0.0,0.0,0.0,0.0,4.979146850076828,0.0,25973.0,95.02085314992317
ZAF,Africa,South Africa,2024-08-04,59893884.0,4072765.0,0.0,102595.0,0.0,0.0,0.0,0.0,0.0,0.0,True,0.0,0.0,0.0,0.0,0.0,0.0,0.0,0.0,67999.6809023105,1712.946183286427,0.0,0.0,0.0,0.0,2.519050325761491,0.0,3970170.0,97.4809496742385
OWID_SAM,Unknown,South America,2024-08-04,436816679.0,68809418.0,1308.0,1354187.0,1.0,0.0,0.0,0.0,0.0,0.0,False,1308.0,1.0,0.0,1308.0,1.0,0.0,0.0,0.0,157524.7038586638,3100.1265865125083,0.0,0.0,0.0,0.0,1.9680256560228426,1308.0,67453923.0,98.03007344140013
KOR,Asia,South Korea,2024-08-04,51815808.0,34571873.0,0.0,35934.0,0.0,0.0,0.0,0.0,0.0,0.0,True,0.0,0.0,0.0,0.0,0.0,0.0,0.0,0.0,667207.0615978815,693.4949272623521,0.0,0.0,0.0,0.0,0.10393998612687255,0.0,34535939.0,99.89606001387313
SSD,Africa,South Sudan,2024-08-04,10913172.0,18823.0,0.0,147.0,0.0,0.0,0.0,0.0,0.0,0.0,True,0.0,0.0,0.0,0.0,0.0,0.0,0.0,0.0,1724.7964203258227,13.469960887631936,0.0,0.0,0.0,0.0,0.7809594644849386,0.0,18676.0,99.21904053551506
ESP,Europe,Spain,2024-08-04,47558632.0,13980340.0,0.0,121852.0,0.0,0.0,0.0,0.0,0.0,0.0,True,0.0,0.0,0.0,0.0,0.0,0.0,0.0,0.0,293960.0954039217,2562.142662135446,0.0,0.0,0.0,0.0,0.8715953975368267,0.0,13858488.0,99.12840460246318
LKA,Asia,Sri Lanka,2024-08-04,21832150.0,672798.0,1.0,16907.0,0.0,0.0,0.0,0.0,0.0,0.0,True,1.0,0.0,0.0,1.0,0.0,0.0,0.0,0.0,30816.845798512746,774.4083839658485,0.0,0.0,0.0,0.0,2.5129385045734383,1.0,655890.0,97.48691286240447
SDN,Africa,Sudan,2024-08-04,46874200.0,63993.0,0.0,5046.0,0.0,0.0,0.0,0.0,0.0,0.0,True,0.0,0.0,0.0,0.0,0.0,0.0,0.0,0.0,1365.2072995379121,107.64983722388862,0.0,0.0,0.0,0.0,7.885237447845858,0.0,58947.0,92.11476255215413
SUR,South America,Suriname,2024-08-04,618046.0,82501.0,0.0,1406.0,0.0,0.0,0.0,0.0,0.0,0.0,True,0.0,0.0,0.0,0.0,0.0,0.0,0.0,0.0,133486.82784129336,2274.911576160998,0.0,0.0,0.0,0.0,1.7042217670088848,0.0,81095.0,98.29577823299111
SWE,Europe,Sweden,2024-08-04,10549349.0,2755181.0,630.0,27399.0,28.0,0.0,0.0,0.0,0.0,0.0,True,630.0,28.0,0.0,630.0,28.0,0.0,0.0,0.0,261170.71299849876,2597.221875965996,0.0,0.0,0.0,0.0,0.9944537219151846,630.0,2727152.0,98.9826802667411
CHE,Europe,Switzerland,2024-08-04,8740471.0,4457868.0,426.0,14170.0,0.0,0.0,0.0,0.0,0.0,0.0,True,426.0,0.0,0.0,426.0,0.0,0.0,0.0,0.0,510026.06152460206,1621.194098121257,0.0,0.0,0.0,0.0,0.31786495248401253,426.0,4443272.0,99.67257890991837
SYR,Asia,Syria,2024-08-04,22125242.0,57423.0,0.0,3163.0,0.0,0.0,0.0,0.0,0.0,0.0,True,0.0,0.0,0.0,0.0,0.0,0.0,0.0,0.0,2595.3614428262526,142.95888831408035,0.0,0.0,0.0,0.0,5.508245824843703,0.0,54260.0,94.4917541751563
TJK,Asia,Tajikistan,2024-08-04,9952789.0,17786.0,0.0,125.0,0.0,0.0,0.0,0.0,0.0,0.0,True,0.0,0.0,0.0,0.0,0.0,0.0,0.0,0.0,1787.036779338937,12.559293681399254,0.0,0.0,0.0,0.0,0.7027999550208028,0.0,17661.0,99.29720004497919
TZA,Africa,Tanzania,2024-08-04,65497752.0,43230.0,0.0,846.0,0.0,0.0,0.0,0.0,0.0,0.0,True,0.0,0.0,0.0,0.0,0.0,0.0,0.0,0.0,660.022652380497,12.916473835621106,0.0,0.0,0.0,0.0,1.9569743233865373,0.0,42384.0,98.04302567661345
THA,Asia,Thailand,2024-08-04,71697024.0,4799180.0,560.0,34715.0,1.0,0.0,0.0,0.0,0.0,0.0,True,560.0,1.0,0.0,560.0,1.0,0.0,0.0,0.0,66936.94845688435,484.1902503512558,0.0,0.0,0.0,0.0,0.7233527394263186,560.0,4763905.0,99.26497860051093
TGO,Africa,Togo,2024-08-04,8848700.0,39530.0,0.0,290.0,0.0,0.0,0.0,0.0,0.0,0.0,True,0.0,0.0,0.0,0.0,0.0,0.0,0.0,0.0,4467.32288358742,32.77317572072734,0.0,0.0,0.0,0.0,0.7336200354161396,0.0,39240.0,99.26637996458386
TKL,Oceania,Tokelau,2024-08-04,1893.0,80.0,0.0,0.0,0.0,0.0,0.0,0.0,0.0,0.0,True,0.0,0.0,0.0,0.0,0.0,0.0,0.0,0.0,42260.96143687269,0.0,0.0,0.0,0.0,0.0,0.0,0.0,80.0,100.0
TON,Oceania,Tonga,2024-08-04,106867.0,16976.0,0.0,12.0,0.0,0.0,0.0,0.0,0.0,0.0,True,0.0,0.0,0.0,0.0,0.0,0.0,0.0,0.0,158851.65673219983,112.28910702087643,0.0,0.0,0.0,0.0,0.0706880301602262,0.0,16964.0,99.92931196983977
TTO,North America,Trinidad and Tobago,2024-08-04,1531043.0,191496.0,0.0,4390.0,0.0,0.0,0.0,0.0,0.0,0.0,True,0.0,0.0,0.0,0.0,0.0,0.0,0.0,0.0,125075.52041320852,2867.3263912248053,0.0,0.0,0.0,0.0,2.2924760830513433,0.0,187106.0,97.70752391694866
TUN,Africa,Tunisia,2024-08-04,12356116.0,1153361.0,0.0,29423.0,0.0,0.0,0.0,0.0,0.0,0.0,True,0.0,0.0,0.0,0.0,0.0,0.0,0.0,0.0,93343.32892310173,2381.2499008588134,0.0,0.0,0.0,0.0,2.551065971538833,0.0,1123938.0,97.44893402846117
TUR,Asia,Turkey,2024-08-04,85341248.0,17004718.0,0.0,101419.0,0.0,0.0,0.0,0.0,0.0,0.0,True,0.0,0.0,0.0,0.0,0.0,0.0,0.0,0.0,199255.55810948534,1188.3936827359262,0.0,0.0,0.0,0.0,0.5964168297292551,0.0,16903299.0,99.40358317027075
TKM,Asia,Turkmenistan,2024-08-04,6430777.0,0.0,0.0,0.0,0.0,0.0,0.0,0.0,0.0,0.0,True,0.0,0.0,0.0,0.0,0.0,0.0,0.0,0.0,0.0,0.0,0.0,0.0,0.0,0.0,0.0,0.0,0.0,0.0
TCA,North America,Turks and Caicos Islands,2024-08-04,45726.0,6805.0,0.0,40.0,0.0,0.0,0.0,0.0,0.0,0.0,True,0.0,0.0,0.0,0.0,0.0,0.0,0.0,0.0,148821.2395573634,874.7758386913353,0.0,0.0,0.0,0.0,0.5878030859662012,0.0,6765.0,99.4121969140338
TUV,Oceania,Tuvalu,2024-08-04,11335.0,2943.0,0.0,1.0,0.0,0.0,0.0,0.0,0.0,0.0,True,0.0,0.0,0.0,0.0,0.0,0.0,0.0,0.0,259638.28848698724,88.2223202470225,0.0,0.0,0.0,0.0,0.03397893306150187,0.0,2942.0,99.9660210669385
UGA,Africa,Uganda,2024-08-04,47249588.0,172154.0,0.0,3632.0,0.0,0.0,0.0,0.0,0.0,0.0,True,0.0,0.0,0.0,0.0,0.0,0.0,0.0,0.0,3643.5026692719525,76.8683951275935,0.0,0.0,0.0,0.0,2.109738954656877,0.0,168522.0,97.89026104534312
UKR,Europe,Ukraine,2024-08-04,39701744.0,5532777.0,171.0,109920.0,0.0,0.0,0.0,0.0,0.0,0.0,True,171.0,0.0,0.0,171.0,0.0,0.0,0.0,0.0,139358.53800276382,2768.644118001466,0.0,0.0,0.0,0.0,1.9867057718032013,171.0,5422686.0,98.01020355600814
ARE,Asia,United Arab Emirates,2024-08-04,9441138.0,1067030.0,0.0,2349.0,0.0,0.0,0.0,0.0,0.0,0.0,True,0.0,0.0,0.0,0.0,0.0,0.0,0.0,0.0,113019.2144209734,248.80475213899,0.0,0.0,0.0,0.0,0.2201437635305474,0.0,1064681.0,99.77985623646946
GBR,Europe,United Kingdom,2024-08-04,67508936.0,24974629.0,3400.0,232112.0,0.0,0.0,0.0,0.0,0.0,0.0,True,3400.0,0.0,0.0,3400.0,0.0,0.0,0.0,0.0,369945.52839641855,3438.2411241083696,0.0,0.0,0.0,0.0,0.9293911833485093,3400.0,24739117.0,99.05699500080661
USA,North America,United States,2024-08-04,338289856.0,103436829.0,0.0,1193165.0,619.0,0.0,0.0,0.0,0.0,0.0,True,0.0,619.0,0.0,0.0,619.0,0.0,0.0,0.0,305763.9097519968,3527.04930058559,0.0,0.0,0.0,0.0,1.1535204738343245,0.0,102243664.0,98.84647952616568
VIR,North America,United States Virgin Islands,2024-08-04,99479.0,25389.0,0.0,132.0,0.0,0.0,0.0,0.0,0.0,0.0,True,0.0,0.0,0.0,0.0,0.0,0.0,0.0,0.0,255219.69460891242,1326.913217865077,0.0,0.0,0.0,0.0,0.5199101973295521,0.0,25257.0,99.48008980267045
OWID_UMC,Unknown,Upper-middle-income countries,2024-08-14,2525921300.0,251753518.0,14277.0,2824452.0,29.0,2109015426.0,1990653301.0,1265984687.0,5449980941.0,21.0,False,14277.0,29.0,21.0,14277.0,29.0,0.0,0.0,0.0,99667.99757379615,1118.1868572073088,215.76210394995283,83.4948985148508,78.80899935401789,50.119720159135596,1.1219116310422323,14277.0,248914789.0,98.87241734592166
URY,South America,Uruguay,2024-08-04,3422796.0,1041346.0,15.0,7682.0,0.0,0.0,0.0,0.0,0.0,0.0,True,15.0,0.0,0.0,15.0,0.0,0.0,0.0,0.0,304238.40626201505,2244.363964431418,0.0,0.0,0.0,0.0,0.7376990932888781,15.0,1033649.0,99.26086046328501
UZB,Asia,Uzbekistan,2024-08-04,34627648.0,175081.0,0.0,1016.0,0.0,0.0,0.0,0.0,0.0,0.0,True,0.0,0.0,0.0,0.0,0.0,0.0,0.0,0.0,5056.104301395232,29.34071641250367,0.0,0.0,0.0,0.0,0.5803028312609592,0.0,174065.0,99.41969716873903
VUT,Oceania,Vanuatu,2024-08-04,326744.0,12019.0,0.0,14.0,0.0,0.0,0.0,0.0,0.0,0.0,True,0.0,0.0,0.0,0.0,0.0,0.0,0.0,0.0,36784.149058590214,42.846999485836,0.0,0.0,0.0,0.0,0.11648223645894001,0.0,12005.0,99.88351776354106
VAT,Europe,Vatican,2024-08-04,808.0,26.0,0.0,0.0,0.0,0.0,0.0,0.0,0.0,0.0,True,0.0,0.0,0.0,0.0,0.0,0.0,0.0,0.0,32178.21782178218,0.0,0.0,0.0,0.0,0.0,0.0,0.0,26.0,100.0
VEN,South America,Venezuela,2024-08-04,28301700.0,552695.0,0.0,5856.0,0.0,0.0,0.0,0.0,0.0,0.0,True,0.0,0.0,0.0,0.0,0.0,0.0,0.0,0.0,19528.68555599134,206.91336562821314,0.0,0.0,0.0,0.0,1.0595355485394296,0.0,546839.0,98.94046445146057
VNM,Asia,Vietnam,2024-08-04,98186856.0,11624000.0,0.0,43206.0,0.0,0.0,0.0,0.0,0.0,0.0,True,0.0,0.0,0.0,0.0,0.0,0.0,0.0,0.0,118386.51804881093,440.0385322450899,0.0,0.0,0.0,0.0,0.3716964900206469,0.0,11580794.0,99.62830350997936
WLF,Oceania,Wallis and Futuna,2024-08-04,11596.0,3760.0,0.0,9.0,0.0,0.0,0.0,0.0,0.0,0.0,True,0.0,0.0,0.0,0.0,0.0,0.0,0.0,0.0,324249.74129010004,776.1296998965161,0.0,0.0,0.0,0.0,0.23936170212765956,0.0,3751.0,99.76063829787233
OWID_WRL,Unknown,World,2024-08-14,7975105024.0,775866783.0,47169.0,7057132.0,815.0,5631263739.0,5177942957.0,2817381093.0,13578774356.0,1452.0,False,47169.0,815.0,1452.0,47169.0,815.0,0.0,0.0,0.0,97286.08973363158,884.8951805352426,170.264520845011,70.61052766143484,64.92632938898836,35.327197378861754,0.9095803757331368,47169.0,768762482.0,99.08434010120524
YEM,Asia,Yemen,2024-08-04,33696612.0,11945.0,0.0,2159.0,0.0,0.0,0.0,0.0,0.0,0.0,True,0.0,0.0,0.0,0.0,0.0,0.0,0.0,0.0,354.48667658339065,64.0717232937246,0.0,0.0,0.0,0.0,18.07450816241105,0.0,9786.0,81.92549183758895
ZMB,Africa,Zambia,2024-08-04,20017670.0,349842.0,18.0,4077.0,0.0,0.0,0.0,0.0,0.0,0.0,True,18.0,0.0,0.0,18.0,0.0,0.0,0.0,0.0,17476.659371445327,203.67005750419506,0.0,0.0,0.0,0.0,1.1653832301438936,18.0,345747.0,98.82947159003207
ZWE,Africa,Zimbabwe,2024-08-04,16320539.0,266386.0,0.0,5740.0,0.0,0.0,0.0,0.0,0.0,0.0,True,0.0,0.0,0.0,0.0,0.0,0.0,0.0,0.0,16322.132498197518,351.7040705579638,0.0,0.0,0.0,0.0,2.154767893207601,0.0,260646.0,97.8452321067924
